"person_id","IOC_number","family_name","middle_name","first_name","height","weight","team","position","shoots_chatches","GWG_count","goals","assists","score"
3129539,"IHAUT11201200302","KROPIUNIG","","Ralf","182","79","Austria","GK","L",0,0,0,0
3128016,"IHAUT12405200201","SOMMER","","Leon","180","75","Austria","GK","L",0,0,0,0
3125905,"IHAUT10603200201","WRANESCHITZ","","Sebastian","182","82","Austria","GK","L",0,0,0,0
3129523,"IHAUT10304200301","HORL","","Lukas","186","85","Austria","D","R",0,0,0,0
3128024,"IHAUT10701200301","LINDNER","","Lorenz","182","88","Austria","D","R",0,0,0,0
3129524,"IHAUT12801200302","MITROVIC","","Matteo","190","82","Austria","D","L",0,0,0,0
3128018,"IHAUT10503200301","NECESANY","","Lukas","182","83","Austria","D","R",0,0,0,0
3129526,"IHAUT12510200401","REINBACHER","","David","189","85","Austria","D","R",0,0,0,0
3129527,"IHAUT11405200301","SABLATTNIG","","Tobias","183","79","Austria","D","L",0,0,0,0
3128019,"IHAUT12801200301","TIALLER","","Christoph","182","78","Austria","D","R",0,0,0,0
45130,"IHAUT10805200201","URBANEK","","Martin","173","77","Austria","D","R",0,0,0,0
3129533,"IHAUT11707200401","AUER","","Luca","187","81","Austria","F","L",0,0,0,0
3128020,"IHAUT11704200301","BOHM","","Mathias","190","88","Austria","F","L",0,0,0,0
3129535,"IHAUT12903200301","GEIFES","","Tim","187","80","Austria","F","L",0,0,0,0
3125988,"IHAUT12302200201","HENGELMULLER","","Maximilian","188","88","Austria","F","R",0,0,0,0
3128025,"IHAUT11103200301","KRAMER","","Nico","184","91","Austria","F","R",0,0,0,0
45277,"IHAUT10502200201","MAIER","","Oskar","178","76","Austria","F","L",0,0,0,0
3126908,"IHAUT11406200201","PEETERS","","Senna","185","87","Austria","F","R",0,1,2,3
3126000,"IHAUT10205200201","RAPPOLD","","Kilian","188","91","Austria","F","R",0,0,0,0
45254,"IHAUT12101200201","THALER","","Lucas","180","76","Austria","F","R",0,0,0,0
3129537,"IHAUT12103200401","TSCHURNIG","","Johannes","182","77","Austria","F","L",0,0,0,0
3128023,"IHAUT11201200301","VAN EE","","Finn","182","83","Austria","F","L",0,0,0,0
45276,"IHAUT10107200201","WALLNER","","Leon","185","87","Austria","F","R",0,1,2,3
3129538,"IHAUT10212200301","WERNICKE","","Janick","185","80","Austria","F","R",0,0,0,0
3132303,"IHAUT11604200301","WIELTSCHNIG","","Paolo","196","86","Austria","F","L",0,0,0,0
3126008,"IHAUT12501200201","MOSER","","Lukas","184","85","Austria","GK","L",0,0,0,0
3129540,"IHAUT12101200301","PFARRMAIER","","Thomas","179","70","Austria","GK","L",0,0,0,0
3129522,"IHAUT12601200401","ERNE","","Luca","190","95","Austria","D","R",0,0,0,0
3129525,"IHAUT11703200301","MUSSBACHER","","Mark","180","76","Austria","D","R",0,0,0,0
3129541,"IHAUT11206200301","PREIML","Ewald","Maximillian","187","86","Austria","D","R",0,0,0,0
3131625,"IHAUT10508200401","SOLLINGER","","Patrick","185","80","Austria","D","L",0,0,0,0
3129542,"IHAUT12402200301","VENIER","","Luca","192","79","Austria","D","L",0,0,0,0
3129534,"IHAUT12907200401","CERNIK","","David","176","73","Austria","F","L",0,0,0,0
3131621,"IHAUT10307200501","SCHERZER","","Ian","181","82","Austria","F","L",0,1,2,3
3129544,"IHAUT11003200401","DOBNIG","","Jonas","182","78","Austria","F","L",0,1,2,3
3131618,"IHAUT11209200401","PIUK","","Tobias","179","73","Austria","F","L",0,0,0,0
3129545,"IHAUT11102200401","LACKNER","","Moritz","193","91","Austria","F","R",0,0,0,0
3128324,"IHCAN11707200501","BEDARD","Thomas","Connor","175","82","Canada","F","R",0,4,8,12
3129687,"IHCAN10909200201","BROCHU","Thomas","Brett","180","79","Canada","GK","L",0,0,0,0
3126194,"IHCAN12703200201","CORMIER","","Lukas","178","80","Canada","D","L",0,1,2,3
3129688,"IHCAN12111200201","COSSA","Alexander","Sebastian","201","92","Canada","GK","L",0,0,0,0
3129697,"IHCAN10502200201","CUYLLE","Cyril","Will","191","95","Canada","F","L",1,2,4,6
3129699,"IHCAN12101200201","DESNOYERS","","Elliot","180","78","Canada","F","L",0,0,0,0
3132318,"IHCAN11801200202","FOERSTER","","Tyson","188","93","Canada","F","R",0,3,6,9
3126198,"IHCAN10706200201","GARAND","Carson","Dylan","185","81","Canada","GK","L",0,0,0,0
3132319,"IHCAN10611200301","GAUCHER","","Nathan","191","93","Canada","F","R",1,1,2,3
3129703,"IHCAN10808200201","GREIG","William","Ridly","180","75","Canada","F","L",1,3,6,9
3126203,"IHCAN11505200201","HUNT","Douglas","Daemon","184","88","Canada","D","L",0,0,0,0
3129704,"IHCAN11810200201","JOHNSON","","Kent","185","76","Canada","F","L",2,3,6,9
3132320,"IHCAN12503200301","KIDNEY","","Riley","180","78","Canada","F","L",0,0,0,0
3129692,"IHCAN11401200301","LAMBOS","Alexander","Carson","185","88","Canada","D","L",0,0,0,0
3128285,"IHCAN13001200301","MCTAVISH","","Mason","185","94","Canada","F","L",0,8,16,24
3129693,"IHCAN11605200201","O'ROURKE","Shayne","Ryan","185","78","Canada","D","L",0,0,0,0
3132321,"IHCAN12905200301","OSTAPCHUK","Austin","Zack","191","93","Canada","F","L",0,1,2,3
3128284,"IHCAN10501200301","OTHMANN","Gerhart","Brennan","183","79","Canada","F","L",0,2,4,6
3129706,"IHCAN10608200301","ROY","","Joshua","183","87","Canada","F","L",0,3,6,9
3129694,"IHCAN11201200201","SEBRANGO","Miguel","Donovan","185","91","Canada","D","L",0,0,0,0
3129695,"IHCAN10208200201","SEELEY","Patrick","Ronan","185","87","Canada","D","L",0,0,0,0
3129707,"IHCAN12403200201","SOURDIF","Alexander","Justin","180","83","Canada","F","R",0,0,0,0
3128280,"IHCAN12602200301","STANKOVEN","Harry Gust","Logan","173","77","Canada","F","R",1,4,8,12
3132322,"IHCAN11903200201","THOMPSON","","Jack","185","84","Canada","D","R",0,1,2,3
3128282,"IHCAN11009200301","ZELLWEGER","Andre","Olen","180","85","Canada","D","L",1,2,4,6
3129700,"IHCAN12801200201","DUFOUR","","William","191","93","Canada","F","R",0,3,6,9
3128321,"IHCAN11501200301","DEL MASTRO","","Ethan","193","95","Canada","D","L",0,0,0,0
3127043,"IHCZE11701200301","SVOZIL","","Stanislav","184","81","Czechia","D","L",0,1,2,3
3128132,"IHCZE11005200301","SEDIVY","","Jakub","186","89","Czechia","D","L",0,0,0,0
3128131,"IHCZE11802200301","SPACEK","","David","181","77","Czechia","D","R",0,0,0,0
3128142,"IHCZE11511200301","PINKAS","","Matej","188","86","Czechia","D","L",0,0,0,0
3128144,"IHCZE11809200301","MORAVEC","","David","183","83","Czechia","D","R",0,0,0,0
3128130,"IHCZE13001200301","TICHACEK","","Jiri","175","77","Czechia","D","L",0,0,0,0
3128084,"IHCZE12811200301","JIRICEK","","David","191","85","Czechia","D","R",0,0,0,0
3128129,"IHCZE10903200401","HAMARA","","Tomas","182","84","Czechia","D","L",0,0,0,0
3128152,"IHCZE10308200302","KRAL","","Daniel","184","72","Czechia","GK","L",0,0,0,0
3128156,"IHCZE12105200301","HAMRLA","","Patrik","188","86","Czechia","GK","L",0,0,0,0
3128136,"IHCZE13004200301","SUCHANEK","","Tomas","185","77","Czechia","GK","L",0,0,0,0
3125768,"IHCZE12608200201","BEDNAR","","Jan","193","84","Czechia","GK","L",0,0,0,0
3128139,"IHCZE10603200301","RYSAVY","","Martin","190","95","Czechia","F","L",0,2,4,6
3129557,"IHCZE12008200201","IVAN","","Ivan","180","78","Czechia","F","L",0,0,0,0
3128150,"IHCZE11404200401","KULICH","","Jiri","182","78","Czechia","F","L",0,2,4,6
3128153,"IHCZE13005200301","KOS","","Jakub","190","85","Czechia","F","L",0,0,0,0
3129582,"IHCZE11402200201","MALAT","","Sebastian","183","79","Czechia","F","L",0,0,0,0
3128155,"IHCZE12007200301","CHMELAR","","Jaroslav","194","90","Czechia","F","R",0,1,2,3
3124343,"IHCZE12406200201","MYSAK","","Jan","182","80","Czechia","F","L",0,5,10,15
3128135,"IHCZE12409200301","SZTURC","","Gabriel","179","80","Czechia","F","L",1,1,2,3
3128143,"IHCZE10407200301","PAJER","","Lukas","180","85","Czechia","F","R",0,0,0,0
3127040,"IHCZE11608200201","GUT","","Michal","182","85","Czechia","F","L",0,3,6,9
3131059,"IHCZE10106200401","CECH","","Ales","189","87","Czechia","D","L",0,0,0,0
3128149,"IHCZE10203200301","MACHU","","Tomas","192","86","Czechia","D","R",0,0,0,0
3132288,"IHCZE13101200301","MECHURA","","Adam","194","90","Czechia","F","L",0,0,0,0
3128146,"IHCZE11907200301","MENSIK","","Matous","188","93","Czechia","F","L",0,0,0,0
3128145,"IHCZE12402200301","MORAVEC","","Petr","183","82","Czechia","F","L",0,0,0,0
3128134,"IHCZE11202200401","SAPOVALIV","","Matyas","192","86","Czechia","F","L",1,2,4,6
3129563,"IHCZE12002200201","URBAN","","Tomas","181","80","Czechia","F","L",0,0,0,0
3132289,"IHCZE11909200301","HAUSER","","Petr","190","91","Czechia","F","R",0,1,2,3
3128154,"IHCZE11302200301","JASECKO","","Sebastian","193","85","Czechia","D","R",0,0,0,0
3132290,"IHCZE11605200301","HERCIK","","Daniel","185","83","Czechia","F","R",0,0,0,0
3128158,"IHCZE11109200301","BRABENEC","","Jakub","187","80","Czechia","F","L",0,0,0,0
3128141,"IHCZE12905200401","RYMON","","Dominik","179","70","Czechia","F","L",0,0,0,0
3128226,"IHCZE10703200301","RAMIK","","Michal","177","74","Czechia","F","R",0,0,0,0
3132291,"IHCZE11409200301","NEMEC","","Stepan","182","87","Czechia","D","R",0,0,0,0
3131106,"IHCZE10702200401","NEMEC","","Frantisek","184","88","Czechia","D","R",0,0,0,0
3128157,"IHCZE11110200301","GAJDA","","Petr","191","85","Czechia","F","R",0,0,0,0
3128159,"IHCZE10802200301","BOHM","","Martin","179","78","Czechia","D","L",0,0,0,0
3132299,"IHCZE11709200301","KREPELKA","","Karel","185","88","Czechia","D","R",0,0,0,0
3132300,"IHCZE10703200201","MELUZIN","","Erik","184","82","Czechia","F","L",0,0,0,0
3130967,"IHCZE13005200401","SPUNAR","","Jan","191","84","Czechia","GK","L",0,0,0,0
3132301,"IHCZE11310200201","CAJAN","","Pavel","189","80","Czechia","GK","L",0,0,0,0
3131053,"IHCZE10103200401","SCHNATTINGER","","Michael","183","82","Czechia","GK","L",0,0,0,0
3132310,"IHCZE11208200301","SEDLACEK","","Ivo","179","71","Czechia","F","R",0,0,0,0
3128329,"IHFIN10805200301","HEIMOSALMI","Mikael","Aleksi","181","77","Finland","D","R",0,1,2,3
3128045,"IHFIN12611200201","HELENIUS","Veikko Oliver","Samuel","199","102","Finland","F","L",0,1,2,3
3128330,"IHFIN12702200301","HELOMAA","Kristian","Juuso","186","88","Finland","GK","L",0,0,0,0
3125868,"IHFIN11001200202","HIRVONEN","Alexander","Roni","176","80","Finland","F","L",0,3,6,9
3129673,"IHFIN11209200201","JATKOLA","Antero","Juha","185","85","Finland","GK","L",0,0,0,0
3132323,"IHFIN11904200201","JURMO","Jon Joacim","Joni","194","93","Finland","D","L",0,0,0,0
3128046,"IHFIN10808200201","JARVENTIE","Mikael","Roby","191","95","Finland","F","L",1,4,8,12
3128334,"IHFIN12907200301","KAPANEN","Ville Johannes","Oliver","186","83","Finland","F","R",0,1,2,3
3129674,"IHFIN12210200201","KARVINEN","Patrik","Roni","185","89","Finland","F","L",0,0,0,0
3128335,"IHFIN12704200401","KEMELL","Matinpoika","Joakim","182","80","Finland","F","R",1,4,8,12
3128337,"IHFIN11306200301","KOIVUNEN","Tapio Robert","Ville","183","76","Finland","F","L",0,0,0,0
3132324,"IHFIN12408200201","KOPONEN","Artturi","Elias","179","90","Finland","F","L",0,0,0,0
3132325,"IHFIN12210200202","KORHONEN","Mikael","Rasmus","195","90","Finland","GK","L",0,0,0,0
3128050,"IHFIN11912200301","LAMBERT","Wayne","Brad","185","81","Finland","F","R",0,1,2,3
3129676,"IHFIN12509200201","LIUKAS","Juhani","Eetu","189","93","Finland","F","L",0,0,0,0
3129677,"IHFIN11308200201","MERILAINEN","Matias","Leevi","190","82","Finland","GK","L",0,0,0,0
3129678,"IHFIN12904200201","MAENPAA","Aleksi Timonpoika","Juuso","169","67","Finland","F","L",0,0,0,0
3128052,"IHFIN10304200201","MAATTA","Timo Antero","Rami","181","80","Finland","D","L",0,0,0,0
3129679,"IHFIN10607200201","MAATTA","Juhani","Joel","188","87","Finland","F","L",1,3,6,9
3125883,"IHFIN12503200201","NIEMELA","Juha Valtteri","Topi","181","78","Finland","D","R",0,0,0,0
3129681,"IHFIN11201200201","NURMI","Jari Joel","Petteri","183","75","Finland","D","L",0,0,0,0
3129682,"IHFIN11208200201","OTTAVAINEN","Hermanni","Ville","196","99","Finland","D","R",0,0,0,0
3128054,"IHFIN10306200201","PUUTIO","Akseli","Kasper","183","81","Finland","D","R",1,4,8,12
3128056,"IHFIN10801200201","RAFKIN","Dennis","Ruben","182","87","Finland","D","R",0,0,0,0
3128057,"IHFIN11109200201","RAJANIEMI","Arvo Kristian","Matias","191","93","Finland","D","L",0,0,0,0
3125889,"IHFIN11411200201","RATY","Veli Eemeli","Aatu","187","82","Finland","F","L",0,3,6,9
3125892,"IHFIN11101200201","SIMONTAIVAL","Hugo Heikki","Kasper","175","84","Finland","F","R",1,4,8,12
3128059,"IHFIN10304200202","VIRO","Mikael","Eemil","183","80","Finland","D","L",0,0,0,0
3128357,"IHFIN12801200301","VAISANEN","Juhani","Kalle","195","85","Finland","F","R",0,1,2,3
3128340,"IHFIN11402200301","LAMPINEN","Veikka Petteri","Jani","188","80","Finland","GK","L",0,0,0,0
3132294,"IHGER10304200301","DEL MONTE","Matthew","Ryan","181","85","Germany","F","R",0,0,0,0
3128261,"IHGER12001200302","HEIGL","","Thomas","181","82","Germany","F","L",0,1,2,3
3125625,"IHGER11701200201","BORZECKI","","Jakub","188","94","Germany","F","R",0,0,0,0
3128167,"IHGER11402200301","CIMMERMAN","","Sebastian","178","83","Germany","F","L",0,0,0,0
3127974,"IHGER10106200301","HANELT","Frederik","Haakon","183","84","Germany","F","L",1,1,2,3
3129608,"IHGER11303200201","SEZEMSKY","Silas","Tim","191","85","Germany","D","R",0,0,0,0
3128191,"IHGER11802200301","RAUSCH","","Maxim","186","87","Germany","D","L",0,0,0,0
3128198,"IHGER11303200301","VAN DER LINDE","","Leon","184","83","Germany","D","L",0,0,0,0
3128189,"IHGER11006200301","PROSKE","","Yannick","188","84","Germany","F","R",0,0,0,0
3132295,"IHGER11206200301","ELTEN","Eike","Nils","188","89","Germany","D","R",0,0,0,0
3128178,"IHGER11101200401","HAUF","Maximilian","Luca","181","84","Germany","F","L",0,0,0,0
3128180,"IHGER12001200301","HEIGL","","Nikolaus","178","80","Germany","F","L",0,0,0,0
3128199,"IHGER12701200301","WASER","","Julian","182","85","Germany","D","L",0,0,0,0
3129607,"IHGER10807200201","GEIBEL","Linus","Korbinian","184","91","Germany","D","L",0,0,0,0
3129615,"IHGER10307200201","PETERSEN","","Jussi","183","83","Germany","F","R",0,0,0,0
3128176,"IHGER10802200301","HANDSCHUH","","Kevin","187","84","Germany","F","L",0,0,0,0
3128169,"IHGER10408200301","FEIST","","Philip","192","82","Germany","F","L",0,0,0,0
3128182,"IHGER11602200401","KECHTER","","Roman","180","82","Germany","F","L",0,0,0,0
3128163,"IHGER12202200401","BETTAHAR","Faouzi","Rayan","188","90","Germany","D","L",0,0,0,0
3129616,"IHGER11405200202","DUNHAM","","Noah","177","73","Germany","F","L",0,0,0,0
3129610,"IHGER10402200201","BLANK","","Alexander","183","85","Germany","F","L",1,3,6,9
3125602,"IHGER11603200201","GLOTZL","Johannes","Maximilian","189","95","Germany","D","L",0,0,0,0
3125530,"IHGER11405200201","BUGL","Manuel","Florian","180","90","Germany","GK","L",0,0,0,0
3125631,"IHGER10802200201","VOLEK","David","Justin","181","80","Germany","F","L",0,0,0,0
3127969,"IHGER13108200201","SCHWEIGER","Hermann","Markus","173","74","Germany","F","L",0,0,0,0
3127968,"IHGER12203200201","SAMANSKI","","Joshua","190","91","Germany","F","L",0,1,2,3
3129613,"IHGER10404200201","BURGHART","","Yannik","174","75","Germany","F","L",0,0,0,0
3129606,"IHGER13101200201","DZIAMBOR","Jan","Arkadiusz","187","87","Germany","D","L",0,0,0,0
3128193,"IHGER10108200301","ROSSMY","","Bennet","192","95","Germany","F","L",0,4,8,12
3129612,"IHGER12208200201","LEONHARDT","","Danjo","181","83","Germany","F","L",0,0,0,0
3128183,"IHGER11909200301","KLEIN","","Adrian","190","96","Germany","D","L",0,0,0,0
3129609,"IHGER11705200202","BOTTNER","Jens","Justus","186","86","Germany","D","L",0,0,0,0
3129611,"IHGER12907200201","EHAM","","Josef","183","84","Germany","F","L",0,1,2,3
3127966,"IHGER12411200201","MUNZENBERGER","","Luca","190","90","Germany","D","L",0,1,2,3
3125549,"IHGER10105200201","TIEFENSEE","Peter Wilfried","Arno","193","87","Germany","GK","L",0,0,0,0
3125605,"IHGER12508200201","SZUBER","Ireneusz","Maksymilian","191","92","Germany","D","L",0,0,0,0
3125619,"IHGER10708200201","ELIAS","","Florian","172","80","Germany","F","L",0,0,0,0
3128190,"IHGER12501200302","QUAPP","Niko","Nikita","192","92","Germany","GK","L",0,0,0,0
3127986,"IHGER13110200201","PILU","Luciano","Fabrizio","183","86","Germany","D","R",0,0,0,0
3129619,"IHGER11801200201","STOWASSER","","Simon","186","78","Germany","D","L",0,0,0,0
3129614,"IHGER10510200201","RUTKOWSKI","Jacek","Maciej","178","82","Germany","F","L",0,0,0,0
3129605,"IHGER12704200201","LUNEMANN","","Niklas","190","90","Germany","GK","L",0,0,0,0
3128161,"IHGER11903200301","BABULIS","","Rihards","182","74","Germany","GK","L",0,0,0,0
3128186,"IHGER12902200401","LUTZ","","Julian","187","81","Germany","F","L",0,0,0,0
3128188,"IHGER10204200301","NIEDENZ","","Kevin","185","75","Germany","F","L",0,0,0,0
3131158,"IHGER10207200401","DIETL","Elias","Philipp","178","66","Germany","GK","L",0,0,0,0
3128201,"IHGER12307200401","WOLF","Maximilian","Simon","189","87","Germany","GK","L",0,0,0,0
44893,"IHLAT10903200201","BRUVERIS","","Bruno","184","76","Latvia","GK","L",0,0,0,0
3128377,"IHLAT11212200301","MEZSARGS","","Karlis","188","84","Latvia","GK","L",0,0,0,0
3126058,"IHLAT12202200201","LAZDINS","Gusts","Rudolfs","184","74","Latvia","GK","L",0,0,0,0
3132302,"IHLAT13008200301","BERZINS","","Patriks","186","84","Latvia","GK","L",0,0,0,0
3128362,"IHLAT10307200301","LIPSKIS","","Linards","187","80","Latvia","GK","L",0,0,0,0
3128405,"IHLAT11808200401","FENENKO","","Niks","186","76","Latvia","D","L",0,1,2,3
3126915,"IHLAT11304200301","HODASS","","Bogdans","191","92","Latvia","D","L",0,1,2,3
44897,"IHLAT10305200201","BRANTS","","Harijs","183","83","Latvia","D","L",0,0,0,0
3128381,"IHLAT10710200301","SIMANOVICS","","Rihards","190","86","Latvia","D","L",0,0,0,0
3129440,"IHLAT10803200501","BULANS","","Peteris","184","81","Latvia","D","L",0,0,0,0
3129439,"IHLAT12108200201","GORSANOVS","","Daniels","182","74","Latvia","D","R",0,0,0,0
3128369,"IHLAT11303200301","ANDERSONS","","Roberts","186","81","Latvia","D","L",0,0,0,0
3131382,"IHLAT12106200401","MACKEVICS","","DARIO","185","84","Latvia","D","L",0,0,0,0
3131542,"IHLAT12105200401","KRUKLITIS","","Martins","197","88","Latvia","D","L",0,0,0,0
3129451,"IHLAT11303200201","BERGMANIS","Sebastjans","Ralfs","178","78","Latvia","D","L",1,3,6,9
3128376,"IHLAT11906200301","OZOLINS","","Gustavs","178","82","Latvia","D","L",0,1,2,3
3128400,"IHLAT10510200401","BUKARTS","","Rodzers","181","78","Latvia","F","L",0,0,0,0
3128367,"IHLAT11304200302","CJUNSKIS","","Roberts","184","88","Latvia","F","L",0,0,0,0
3126109,"IHLAT10305200202","LAPINSKIS","","Oskars","177","75","Latvia","F","L",0,0,0,0
3128375,"IHLAT11004200301","LAVINS","Rodrigo","Martins","183","80","Latvia","F","R",0,1,2,3
3126070,"IHLAT11201200201","VITOLINS","Mikus","Raimonds","183","82","Latvia","F","R",0,0,0,0
3129438,"IHLAT11505200201","GAVARS","EGILS","Felikss","180","82","Latvia","F","L",0,0,0,0
3128404,"IHLAT10605200301","DUKURS","","Darels","182","78","Latvia","F","L",0,0,0,0
3128402,"IHLAT10605200401","DARZINS","","Rainers","175","74","Latvia","F","L",0,1,2,3
3128399,"IHLAT13006200301","SILKALNS","","Girts","189","85","Latvia","F","R",0,0,0,0
3131537,"IHLAT11112200401","RULLERS","","Rainers","191","82","Latvia","F","L",0,1,2,3
3128364,"IHLAT12502200301","KRISTINS","","Kristaps","190","85","Latvia","F","L",0,0,0,0
3128373,"IHLAT12101200401","LOCMELIS","","Dans","184","77","Latvia","F","L",0,1,2,3
3128370,"IHLAT12703200301","VEINBERGS","","Klavs","191","90","Latvia","F","R",0,1,2,3
3128380,"IHLAT10701200301","PURMALIS","","Peteris","187","92","Latvia","F","L",0,0,0,0
3128363,"IHLAT12301200401","VILMANIS","","Sandis","185","87","Latvia","F","L",0,0,0,0
3128379,"IHLAT10201200301","RAVINSKIS","","Anri","187","86","Latvia","F","L",0,0,0,0
44925,"IHLAT12901200201","ANSONS","Kristians","Raivis","186","84","Latvia","F","L",0,0,0,0
3132336,"IHLAT11808200201","ANDERSONS","","Daniels","184","85","Latvia","F","L",0,0,0,0
3129633,"IHSVK10307200201","BOLO","","Tomas","187","87","Slovakia","GK","L",0,0,0,0
3129634,"IHSVK11804200401","ELIAS","","Rastislav","188","78","Slovakia","GK","L",0,0,0,0
3128067,"IHSVK11604200301","BECAR","","Simon","183","75","Slovakia","D","L",0,0,0,0
3129635,"IHSVK11304200501","STRBAK","","Maxim","187","86","Slovakia","D","R",0,0,0,0
3128068,"IHSVK11502200401","NEMEC","","Simon","185","87","Slovakia","D","R",0,0,0,0
3128069,"IHSVK11003200301","GROCH","","Simon","190","95","Slovakia","D","L",0,0,0,0
3129636,"IHSVK11010200201","BAKALA","","Denis","190","90","Slovakia","D","L",0,0,0,0
3128070,"IHSVK12807200201","FAITH","","Roman","182","79","Slovakia","F","L",0,0,0,0
3129637,"IHSVK10201200401","KMEC","Viliam","Jozef","189","87","Slovakia","D","R",0,0,0,0
3127099,"IHSVK10508200201","KASLIK","","Matej","183","77","Slovakia","F","L",1,4,8,12
3128072,"IHSVK12702200201","PETROVICKY","","Rayen","186","81","Slovakia","D","L",0,1,2,3
3126072,"IHSVK11108200201","LASAK","","Jan","186","88","Slovakia","F","L",0,0,0,0
3129638,"IHSVK11008200401","PETROVSKY","","Servac","181","79","Slovakia","F","L",0,2,4,6
3129639,"IHSVK10606200301","DEMEK","","Jakub","192","92","Slovakia","F","L",0,0,0,0
3132304,"IHSVK11902200301","ANDRISIK","","Patrik","187","90","Slovakia","GK","L",0,0,0,0
3128073,"IHSVK10301200401","MESAR","","Filip","178","78","Slovakia","F","R",0,0,0,0
3128074,"IHSVK13003200401","SLAFKOVSKY","","Juraj","192","102","Slovakia","F","L",0,0,0,0
3129640,"IHSVK12010200301","STUMPEL","","Oliver","186","88","Slovakia","F","L",0,0,0,0
3129641,"IHSVK10709200401","SYKORA","","Adam","180","78","Slovakia","F","L",0,1,2,3
3128075,"IHSVK12310200201","JEDLICKA","","Maros","188","88","Slovakia","F","L",0,0,0,0
3129642,"IHSVK10210200301","STETKA","","Pavol","197","95","Slovakia","F","L",0,0,0,0
3129643,"IHSVK11506200501","DVORSKY","","Dalibor","186","88","Slovakia","F","L",0,1,2,3
3126022,"IHSVK10602200201","KRAJC","","Samuel","188","95","Slovakia","F","R",0,0,0,0
45322,"IHSVK12511200201","MYKLUKHA","","Oleksiy","177","75","Slovakia","F","R",0,0,0,0
3130643,"IHSVK12005200401","ZABKA","","Boris","176","83","Slovakia","D","L",0,0,0,0
3129645,"IHSVK11606200301","MARINOV","","Matej","183","74","Slovakia","GK","L",0,0,0,0
3126002,"IHSVK10106200201","LATKOCZY","","Simon","181","75","Slovakia","GK","R",0,0,0,0
3128076,"IHSVK10502200301","BACO","","Robert","190","100","Slovakia","F","R",0,0,0,0
3130603,"IHSVK10810200401","CIERNIK","","Alex","178","81","Slovakia","F","L",0,0,0,0
3129648,"IHSVK12207200201","STRIPAI","","Adam","180","80","Slovakia","D","L",0,0,0,0
3127100,"IHSVK10401200201","KOLENIC","","Jakub","179","78","Slovakia","F","R",0,0,0,0
3129649,"IHSVK11211200401","HONZEK","","Samuel","191","82","Slovakia","F","L",0,0,0,0
3132305,"IHSVK12405200301","DANIELCAK","","Tim","185","82","Slovakia","F","L",0,0,0,0
3129650,"IHSVK10503200301","KUPCO","","Lubomir","180","78","Slovakia","F","L",0,0,0,0
3129652,"IHSVK10309200301","NEMEC","","Libor","189","84","Slovakia","F","L",0,1,2,3
3129653,"IHSVK11105200401","MOSKO","","Marian","182","83","Slovakia","D","L",0,0,0,0
3130616,"IHSVK11002200401","JURCAK","","Patrik","183","82","Slovakia","GK","L",0,0,0,0
3132308,"IHSVK12404200301","KAPICAK","","Michal","174","75","Slovakia","D","L",0,0,0,0
3130910,"IHSVK10802200401","KOPECKY","","Jakub","193","87","Slovakia","F","L",0,0,0,0
3130618,"IHSVK12809200401","KOREC","","Jan","185","84","Slovakia","GK","L",0,0,0,0
3132311,"IHSVK12508200201","KRAJCOVIC","","Andrej","190","90","Slovakia","F","L",0,0,0,0
3132312,"IHSVK12609200301","LAURENCIK","","Michal","193","92","Slovakia","GK","L",0,0,0,0
3130617,"IHSVK13009200401","MISIAK","","Martin","186","88","Slovakia","F","L",0,0,0,0
3130601,"IHSVK11403200401","NATNY","","David","188","85","Slovakia","D","L",0,0,0,0
3130609,"IHSVK10901200401","REPCIK","","Peter","184","83","Slovakia","F","L",0,1,2,3
3125566,"IHSUI12603200201","HENAUER","Matti","Andri","181","80","Switzerland","GK","L",0,0,0,0
3128230,"IHSUI11402200301","PASCHE","","Kevin","178","77","Switzerland","GK","R",0,0,0,0
3125567,"IHSUI12412200201","PATENAUDE","Rene","Noah","186","85","Switzerland","GK","L",0,0,0,0
3125586,"IHSUI12911200201","CHANTON","Leandro","Giancarlo","188","85","Switzerland","D","L",0,0,0,0
45117,"IHSUI10702200201","DELEMONT","","Noah","178","77","Switzerland","D","L",0,0,0,0
3128006,"IHSUI12008200201","ALLENSPACH","","Dario","183","73","Switzerland","F","L",0,1,2,3
3128007,"IHSUI10709200201","BARTSCHI","","Jeremie","179","78","Switzerland","F","L",0,0,0,0
3129631,"IHSUI12110200201","FAHRNI","Eyon","Joshua","181","86","Switzerland","F","R",0,1,2,3
3129632,"IHSUI12111200201","GRAF","","Marlon","176","78","Switzerland","F","R",0,0,0,0
3125564,"IHSUI12701200201","KNAK","Lukas","Simon","189","91","Switzerland","F","L",0,2,4,6
3129553,"IHSUI10511200201","NUSSBAUMER","","Arno","179","71","Switzerland","D","L",0,0,0,0
3125654,"IHSUI11501200201","RITZMANN","","Fabian","192","97","Switzerland","F","L",0,0,0,0
3129628,"IHSUI12308200302","BAECHLER","Matthias","Nicolas","187","89","Switzerland","F","L",0,0,0,0
3128259,"IHSUI12202200301","DESPONT","Raphael","Vincent","189","88","Switzerland","D","R",0,0,0,0
3128437,"IHSUI12304200301","GARESSUS","Nicolas Germain","Lilian","182","82","Switzerland","F","L",0,0,0,0
3128440,"IHSUI11505200301","HENRY","","Joel","172","73","Switzerland","F","L",0,1,2,3
3128460,"IHSUI10702200301","MARCHON","","Joel","182","80","Switzerland","F","L",0,0,0,0
3132335,"IHSUI12808200302","MUGGLI","Andri","Tim","184","81","Switzerland","F","R",0,0,0,0
3128442,"IHSUI10703200301","NICOLET","","Kevin","176","80","Switzerland","F","R",0,0,0,0
3127980,"IHSUI10406200301","SIDLER","","Dario","171","74","Switzerland","D","R",0,0,0,0
3128427,"IHSUI12810200301","STREULE","Adam","Maximilian","182","81","Switzerland","D","L",0,0,0,0
3128005,"IHSUI11503200301","ZANETTI","","Brian","188","87","Switzerland","D","L",0,0,0,0
3128272,"IHSUI13003200401","DIONICIO","Dusame","Rodwin","187","93","Switzerland","D","L",0,0,0,0
3131421,"IHSUI13003200402","FULLEMANN","","Louis","178","77","Switzerland","D","L",0,0,0,0
3131425,"IHSUI10802200401","MEILE","","Nick","190","90","Switzerland","D","L",0,0,0,0
3128451,"IHSUI11908200401","TAIBEL","","Jonas","181","83","Switzerland","F","L",0,2,4,6
3128430,"IHSUI11904200301","ALGE","Michael","Mats","179","80","Switzerland","F","L",0,0,0,0
3128008,"IHSUI11803200301","BIASCA","Nicola","Attilio","185","83","Switzerland","F","L",1,4,8,12
45659,"IHSWE11411200201","WALLSTEDT","","Jesper","191","97","Sweden","GK","L",0,0,0,0
3125947,"IHSWE12005200201","CLANG","Gustaf Joel","Calle","189","86","Sweden","GK","L",0,0,0,0
3128240,"IHSWE12005200301","LINDBOM","Erik Sten","Carl","185","86","Sweden","GK","L",0,0,0,0
3127984,"IHSWE11005200201","GRANS","August Helge","Helge","191","93","Sweden","D","R",0,0,0,0
3125948,"IHSWE12302200201","ANDRAE","Valentin","Emil","175","85","Sweden","D","L",1,4,8,12
3128264,"IHSWE10101200408","HAVELID","Filip","Mattias","177","78","Sweden","D","R",0,0,0,0
3129625,"IHSWE13007200201","FORSFJALL","Lars Hjalmar","Mans","181","83","Sweden","D","L",0,0,0,0
3129626,"IHSWE12504200201","LOOF","","Leo","187","91","Sweden","D","L",0,0,0,0
3127985,"IHSWE12807200201","WALLINDER","William","William","194","91","Sweden","D","L",0,0,0,0
3129627,"IHSWE11405200201","NYSTROM","Joel","Joel","179","79","Sweden","D","R",0,0,0,0
3127989,"IHSWE10304200201","LJUNGMAN","Daniel Seve","Daniel","185","80","Sweden","F","L",0,2,4,6
3128241,"IHSWE11901200301","LYSELL","Fabian Oskar","Fabian","181","80","Sweden","F","R",0,2,4,6
3129659,"IHSWE10405200201","STAKKESTAD","Magnus","Ake","182","88","Sweden","F","L",0,1,2,3
3127987,"IHSWE11210200201","EKLUND","Edvin","William","181","85","Sweden","F","L",0,0,0,0
3132293,"IHSWE10210200201","SJODIN","","Linus","182","78","Sweden","F","L",0,1,2,3
3128250,"IHSWE12205200301","STJERNBORG","Magnus","Victor","179","92","Sweden","F","L",0,0,0,0
3128248,"IHSWE11903200301","SJOBERG","Sebastian Json","Albert","184","80","Sweden","F","R",0,0,0,0
3127991,"IHSWE11011200201","OLAUSSON","Oskar","Oskar","187","86","Sweden","F","L",0,1,2,3
3128246,"IHSWE11503200301","ROSEN","Emanuel","Isak","180","79","Sweden","F","L",2,4,8,12
3131270,"IHSWE12407200401","LEKKERIMAKI","Mikael","Jonathan","181","78","Sweden","F","R",0,0,0,0
3127990,"IHSWE12502200201","NIEDERBACH","Erik Herkules","Theodor","183","85","Sweden","F","R",0,1,2,3
3129671,"IHSWE13101200201","MAGNUSSON","Axel","Oskar","180","76","Sweden","F","L",1,1,2,3
3129661,"IHSWE12601200201","TORGERSSON","Carl Albin","Daniel","192","101","Sweden","F","L",0,2,4,6
3127983,"IHSWE10502200301","EDVINSSON","Simon","Simon","199","95","Sweden","D","L",1,1,2,3
3128225,"IHSWE10101200401","HAVELID","Oskar","Hugo","177","77","Sweden","GK","L",0,0,0,0
3128244,"IHSWE11003200401","OSTLUND","Andreas","Noah","181","74","Sweden","F","L",0,0,0,0
3129668,"IHSWE12801200401","OHGREN","Liam","Liam","185","85","Sweden","F","L",0,0,0,0
3129660,"IHSWE12312200201","STENMAN","Elias","Elias","178","75","Sweden","F","L",0,0,0,0
3127996,"IHSWE12901200201","EKMARK","Elliot","Elliot","176","75","Sweden","F","L",0,0,0,0
3129665,"IHSWE12612200401","CARLSSON","Leo Olof","Leo","188","84","Sweden","F","L",0,0,0,0
3128256,"IHSWE10402200401","BYSTEDT","Erik","Filip","192","85","Sweden","F","L",0,0,0,0
3128249,"IHSWE10807200301","SJOHOLM","Gustav Victor","Victor","176","78","Sweden","D","R",0,0,0,0
3127994,"IHSWE12601200301","OLSSON","Viggo Michael","Anton","184","83","Sweden","D","L",0,0,0,0
3128243,"IHSWE11104200301","MYRENBERG","Jonathan","Jonathan","187","4","Sweden","D","R",0,0,0,0
3128233,"IHSWE12712200301","JANSSON","Gosta Hans","Ludvig","184","80","Sweden","D","R",0,0,0,0
3128221,"IHSWE11710200301","FORSMARK","Nils Simon","Simon","188","87","Sweden","D","L",0,0,0,0
3129669,"IHSWE12805200201","SVEDEBACK","Philip Emanuel","Philip","191","87","Sweden","GK","L",0,0,0,0
3128234,"IHSWE10802200301","JELLVIK","Oskar","Oskar","180","79","Sweden","F","L",0,0,0,0
3129663,"IHSWE11905200201","BRATT","Filip","Filip","178","80","Sweden","D","R",0,0,0,0
3132296,"IHSWE13008200201","TARNSTROM","Andreas","Oliver","185","74","Sweden","F","L",0,0,0,0
3132297,"IHSWE12710200201","WEIGELT","Georg","Georg","184","82","Sweden","F","L",0,0,0,0
3132298,"IHSWE12903200301","BLOMQUIST","Blue Henrik","Ian","189","83","Sweden","GK","R",0,0,0,0
3128090,"IHUSA10909200201","BERARD","Campbell","Brett","175","74","United States","F","L",0,1,2,3
3129716,"IHUSA11710200201","KNIES","","Matt","191","96","United States","F","L",0,0,0,0
3126253,"IHUSA12506200201","SLAGGERT","Myles","Landon","182","85","United States","F","L",0,2,4,6
3128091,"IHUSA10301200201","BORDELEAU","","Thomas","178","81","United States","F","L",0,1,2,3
3128487,"IHUSA10405200401","COOLEY","Paul","Logan","179","81","United States","F","L",1,2,4,6
3128483,"IHUSA11505200301","SAVAGE","Kevin Arthur","Red","180","82","United States","F","L",0,2,4,6
3129713,"IHUSA10307200201","JAMES","Michael","Dominic","180","75","United States","F","L",0,0,0,0
3129711,"IHUSA11411200201","CORONATO","Joseph","Matthew","178","83","United States","F","R",1,4,8,12
3129717,"IHUSA12803200201","MAZUR","Jeffrey","Carter","182","82","United States","F","R",0,5,10,15
3129726,"IHUSA11511200201","SAMOSKEVICH","Raymond","Mackie","180","86","United States","F","R",0,0,0,0
3132330,"IHUSA12501200201","DURAN","Bruce","Riley","184","79","United States","F","R",0,2,4,6
3128495,"IHUSA12807200301","MBEREKO","Lane Tawanda","Kaidan","180","83","United States","GK","L",0,0,0,0
3132333,"IHUSA12103200202","KEOPPLE","","Remington","188","86","United States","GK","L",0,0,0,0
3129728,"IHUSA10401200201","MOORE","Michael","Ian","191","84","United States","D","R",0,0,0,0
3128468,"IHUSA13103200301","BEHRENS","Anthony","Sean","178","80","United States","D","L",0,0,0,0
3129714,"IHUSA13107200201","KAISER","Blane","Wyatt","182","83","United States","D","L",1,2,4,6
3126229,"IHUSA12208200201","FABER","","Brock","184","88","United States","D","R",1,1,2,3
3129710,"IHUSA11204200201","TRUSCOTT","","Jacob","185","81","United States","D","L",0,0,0,0
3128086,"IHUSA11001200201","KLEVEN","Andrew","Tyler","193","94","United States","D","L",0,0,0,0
3129721,"IHUSA11505200302","PEART","Robert","Jack","180","86","United States","D","L",0,0,0,0
3129709,"IHUSA10909200301","HUGHES","Warren","Luke","188","83","United States","D","L",0,1,2,3
3128481,"IHUSA11902200301","HRESCHUK","Michael","Aidan","180","85","United States","D","L",0,0,0,0
3128485,"IHUSA11401200401","NAZAR","James","Frank","179","82","United States","F","R",0,0,0,0
3128478,"IHUSA11507200301","PASTUJOV","Gregory","Sasha","184","83","United States","F","L",0,1,2,3
3128492,"IHUSA11510200401","STRAMEL","Andrew","Charlie","191","98","United States","F","R",0,0,0,0
3132349,"IHUSA11808200201","MCKOWN","","Hunter","184","88","United States","F","R",0,0,0,0
3132350,"IHUSA12603200401","OKE","","Andrew","188","91","United States","GK","L",0,0,0,0
